A1,Layout_Cluster
www.1sb.com.png,0
www.1sbjc.com.png,1
www.businessbank.com.png,2
www.cedarsbank.com.png,3
www.svgsbank.com.png,3
www.unionbk.com.png,3
www.trustbanc.com.png,3
www.rutherfordbank.com.png,3
www.cabbank.com.png,3
www.securitynat.com.png,3
www.bluebonnetsavings.com.png,3
www.citizensbankofblythedale.com.png,4
www.cnbgf.com.png,5
www.pcbonline.net.png,5
www.winlocbank.com.png,5
www.nbronline.com.png,5
www.commercialbankfl.com.png,6
www.firstmorris.com.png,7
www.redmondbank.com.png,7
www.fnbchelseaok.com.png,8
www.virginiaheartlandbank.com.png,8
www.equinoxbank.com.png,8
www.harborcommunity.com.png,9
www.firstheritagebank.com.png,9
www.securityfederalsavings.com.png,9
www.freedomaccess.com.png,9
